id;server_id_landmark;uuid;id_project;server_id_project;photo;nama;deskripsi;lat;lng;alt;accuracy;bearing;speed;gps_provider;id_landmark_tipe;kode_landmark_tipe;landmark_tipe;kode_kilayah;created_at;is_sent;address_google;address;jumlah;data
439;110060887;434a1aca-ee30-4025-82be-885e51d6859e;12;7641277;wl1671096994971.jpeg;46;null;2.33191664;99.08804621;960.7288818359375;7.334732532501221;0.0;0.0;gps;279;17020;Keluarga Miskin;1206030025;1,67E+12;TRUE;null;null;1;"{""nama_kk"":""NELSON SIAHAAN"",""jumlah_keluarga"":""1""}"
440;109720873;24c786ba-5840-4b53-8c41-7784f31d5718;12;7641277;wl1671096995602.jpeg;33;null;2.33255664;99.0876682;904.7095947265625;3.7900924682617188;0.0;0.0;gps;279;17020;Keluarga Miskin;1206030025;1,67E+12;TRUE;null;null;1;"{""nama_kk"":""SINUR HUTAGAOL"",""jumlah_keluarga"":""1""}"
441;109680118;a8b10f46-c31c-4adc-b0ea-7a1bf668be1d;12;7641277;wl1671096996304.jpeg;50;null;2.33187599;99.08809053;905.158203125;4.200117111206055;0.0;0.0;gps;279;17020;Keluarga Miskin;1206030025;1,67E+12;TRUE;null;null;1;"{""nama_kk"":""NELSON SIAHAAN"",""jumlah_keluarga"":""1""}"
442;109666897;777faa14-e08f-4461-8f80-bb0c54eea925;12;7641277;wl1671096997030.jpeg;18;null;2.33206703;99.08796385;906.738037109375;3.7900924682617188;0.0;0.0;gps;279;17020;Keluarga Miskin;1206030025;1,67E+12;TRUE;null;null;1;"{""nama_kk"":""MAMPE SIMANJUNTAK"",""jumlah_keluarga"":""1""}"
443;109647289;685ae2a1-168b-4108-8639-6630e3174a5c;12;7641277;wl1671096997885.jpeg;43;null;2.33101339;99.08681641;922.3218994140625;3.7900924682617188;0.0;0.0;gps;279;17020;Keluarga Miskin;1206030025;1,67E+12;TRUE;null;null;1;"{""nama_kk"":""GEMSON SIMANJUNTAK"",""jumlah_keluarga"":""1""}"
444;105715063;0ab3bbbd-6c76-4653-b465-ade2e1784f02;12;7641277;wl1671096998495.jpeg;45;null;2.33116319;99.08578105;901.456298828125;3.7900924682617188;0.0;0.0;gps;279;17020;Keluarga Miskin;1206030025;1,67E+12;TRUE;null;null;1;"{""nama_kk"":""PSALMEN SIMANJUNTAK"",""jumlah_keluarga"":""1""}"
445;105565663;b64d6711-edf2-4415-9148-04de12cd1fef;12;7641277;wl1671096999098.jpeg;44;null;2.33112738;99.08587225;928.6915283203125;3.7900924682617188;0.0;0.0;gps;279;17020;Keluarga Miskin;1206030025;1,67E+12;TRUE;null;null;1;"{""nama_kk"":""DEDY SIMANJUNTAK"",""jumlah_keluarga"":""2""}"
446;105308590;2842f7b0-0cb9-4f4f-97b5-d106705a911f;12;7641277;;42;null;2.33106624;99.08643704;912.6201171875;3.888798236846924;0.0;0.0;gps;282;17030;Keluarga Tidak Miskin;1206030025;1,67E+12;TRUE;null;null;1;"{""nama_kk"":""PRAWIRA PANJAITAN"",""jumlah_keluarga"":""1""}"
447;105046636;ab5d85ee-f989-4450-89d4-0ea5582744d2;12;7641277;wl1671096999651.jpeg;41;null;2.33115498;99.08695605;909.9835205078125;3.7900924682617188;0.0;0.0;gps;279;17020;Keluarga Miskin;1206030025;1,67E+12;TRUE;null;null;1;"{""nama_kk"":""USMAN D SIAHAAN"",""jumlah_keluarga"":""1""}"
448;104842255;3f91c4e7-b02b-4912-a1a8-a5652cc39e9d;12;7641277;wl1671097000509.jpeg;40;null;2.33114698;99.08733044;917.9744873046875;5.7326979637146;0.0;0.0;gps;279;17020;Keluarga Miskin;1206030025;1,67E+12;TRUE;null;null;1;"{""nama_kk"":""ASWALD MARBUN"",""jumlah_keluarga"":""2""}"
449;104594917;7e37020a-c722-437e-aeb3-ab1b686546b9;12;7641277;;39;null;2.33224692;99.08747549;914.75341796875;3.7900924682617188;0.0;0.0;gps;282;17030;Keluarga Tidak Miskin;1206030025;1,67E+12;TRUE;null;null;1;"{""nama_kk"":""DEMSI NAINGGOLAN"",""jumlah_keluarga"":""1""}"
450;104447656;21d6744f-911a-4eef-a130-ed3f48ea0456;12;7641277;wl1671097001336.jpeg;38;null;2.33234883;99.08754304;912.14599609375;3.7900924682617188;0.0;0.0;gps;279;17020;Keluarga Miskin;1206030025;1,67E+12;TRUE;null;null;1;"{""nama_kk"":""MANGASI SIMANJUNTAK"",""jumlah_keluarga"":""1""}"
451;104185705;41cd9546-27a7-4d84-a25f-5c6a8c7315fc;12;7641277;wl1671097001952.jpeg;37;null;2.33263348;99.08747416;912.1141357421875;3.7900924682617188;0.0;0.0;gps;279;17020;Keluarga Miskin;1206030025;1,67E+12;TRUE;null;null;1;"{""nama_kk"":""VINSENTIUS SARAGI"",""jumlah_keluarga"":""2""}"
452;103966000;1f907180-b1f3-4a17-9546-63e62c2ada85;12;7641277;wl1671097002540.jpeg;36;null;2.33259563;99.08752651;906.724609375;4.034276008605957;0.0;0.0;gps;279;17020;Keluarga Miskin;1206030025;1,67E+12;TRUE;null;null;1;"{""nama_kk"":""MANOGU SIMANJUNTAK"",""jumlah_keluarga"":""2""}"
453;103753279;012de959-bc81-4159-8320-243e5126f3b7;12;7641277;wl1671097003081.jpeg;34;null;2.33261269;99.08753308;904.4114990234375;3.7900924682617188;0.0;0.0;gps;279;17020;Keluarga Miskin;1206030025;1,67E+12;TRUE;null;null;1;"{""nama_kk"":""SONDANG TAMBUNAN"",""jumlah_keluarga"":""2""}"
454;92209399;f927a1d7-42fb-4842-b7d4-e26de898e40e;12;7641277;wl1671097003575.jpeg;35;null;2.33270666;99.08730176;904.319580078125;3.7900924682617188;0.0;0.0;gps;279;17020;Keluarga Miskin;1206030025;1,67E+12;TRUE;null;null;1;"{""nama_kk"":""ERIKSON G SITUMORANG"",""jumlah_keluarga"":""3""}"
455;92043268;15ea6f27-2de4-41c2-bc52-4ad5d6f10fe2;12;7641277;wl1671097004177.jpeg;32;null;2.33248081;99.08798239;908.1553955078125;3.7900924682617188;0.0;0.0;gps;279;17020;Keluarga Miskin;1206030025;1,67E+12;TRUE;null;null;1;"{""nama_kk"":""LASMINA TAMPUBOLON"",""jumlah_keluarga"":""1""}"
456;91941142;3293d94e-4d25-4d02-8895-526df3577a18;12;7641277;wl1671097004778.jpeg;26;null;2.33254431;99.0879363;918.1683349609375;3.7900924682617188;0.0;0.0;gps;279;17020;Keluarga Miskin;1206030025;1,67E+12;TRUE;null;null;1;"{""nama_kk"":""GALANG HUTAGAOL"",""jumlah_keluarga"":""1""}"
457;91821040;96ae40ed-6ee9-46d5-8139-91cd31ca4146;12;7641277;wl1671097005348.jpeg;28;null;2.33255545;99.08803232;908.928466796875;3.7900924682617188;0.0;0.0;gps;279;17020;Keluarga Miskin;1206030025;1,67E+12;TRUE;null;null;1;"{""nama_kk"":""ARIFIN SIRAIT"",""jumlah_keluarga"":""1""}"
458;91685938;1349a0a2-a8d6-4064-a82f-e1761514e685;12;7641277;wl1671097006063.jpeg;25;null;2.33245908;99.08781215;912.548828125;3.7900924682617188;0.0;0.0;gps;279;17020;Keluarga Miskin;1206030025;1,67E+12;TRUE;null;null;1;"{""nama_kk"":""ALPONSO SIMANJUNTAK"",""jumlah_keluarga"":""1""}"
459;89004691;cf5829d2-5500-4d4e-b9e3-9987607a1e3c;12;7641277;wl1671097006569.jpeg;30;null;2.3328402;99.08811044;911.037841796875;3.8477277755737305;0.0;0.0;gps;279;17020;Keluarga Miskin;1206030025;1,67E+12;TRUE;null;null;1;"{""nama_kk"":""BUDIMAN TAMPUBOLON"",""jumlah_keluarga"":""1""}"
460;88837426;5448b9ab-fbf3-4dc1-94bf-d462910fd71b;12;7641277;wl1671097007123.jpeg;29;null;2.33296388;99.08809861;903.126708984375;4.227963924407959;0.0;0.0;gps;279;17020;Keluarga Miskin;1206030025;1,67E+12;TRUE;null;null;1;"{""nama_kk"":""HENDRIK RENDIS SIMANJUNTAK"",""jumlah_keluarga"":""2""}"
461;88598152;e35ea783-ea91-4044-9c18-2e7935d673cf;12;7641277;wl1671097007711.jpeg;31;null;2.33260022;99.08809872;907.0067138671875;3.7900924682617188;0.0;0.0;gps;279;17020;Keluarga Miskin;1206030025;1,67E+12;TRUE;null;null;1;"{""nama_kk"":""HEDDINAR HUTAGAOL"",""jumlah_keluarga"":""2""}"
462;88348828;d4f054b6-a9bf-43b3-8c8d-815015c2df99;12;7641277;wl1671097008395.jpeg;27;null;2.33256754;99.08798632;918.968994140625;3.7900924682617188;0.0;0.0;gps;279;17020;Keluarga Miskin;1206030025;1,67E+12;TRUE;null;null;1;"{""nama_kk"":""MANANGAR SINURAT"",""jumlah_keluarga"":""1""}"
463;87339541;e068087a-557f-4fd4-89db-8d864a6ba837;12;7641277;wl1671097008941.jpeg;23;null;2.3323882;99.08756706;909.7664794921875;4.740630626678467;0.0;0.0;gps;279;17020;Keluarga Miskin;1206030025;1,67E+12;TRUE;null;null;1;"{""nama_kk"":""SUDUNG SIMANJUNTAK"",""jumlah_keluarga"":""1""}"
464;87197245;c56d3dcc-538d-4573-9314-db7386ba9a70;12;7641277;wl1671097009499.jpeg;22;null;2.33230358;99.0876861;962.105712890625;5.745179176330566;0.0;0.0;gps;279;17020;Keluarga Miskin;1206030025;1,67E+12;TRUE;null;null;1;"{""nama_kk"":""ESNI SARTIKA SIMANJUNTAK"",""jumlah_keluarga"":""1""}"
465;87108784;e800dff6-f69d-404e-9655-795a8e14d870;12;7641277;wl1671097010126.jpeg;20;null;2.33224337;99.08788595;900.878662109375;5.321009159088135;0.0;0.0;gps;279;17020;Keluarga Miskin;1206030025;1,67E+12;TRUE;null;null;1;"{""nama_kk"":""LAMBOK PANJAITAN"",""jumlah_keluarga"":""1""}"
466;86956813;81929597-627a-49d1-8219-84d02c19b6de;12;7641277;wl1671097010634.jpeg;19;null;2.33200915;99.08793726;914.468017578125;3.7900924682617188;0.0;0.0;gps;279;17020;Keluarga Miskin;1206030025;1,67E+12;TRUE;null;null;1;"{""nama_kk"":""BONAR S SIMANJUNTAK"",""jumlah_keluarga"":""1""}"
467;78599161;8a39edb8-e53b-41f9-8930-257319b304fc;12;7641277;wl1671097011199.jpeg;21;null;2.33206702;99.08771011;928.1156005859375;3.7900924682617188;0.0;0.0;gps;279;17020;Keluarga Miskin;1206030025;1,67E+12;TRUE;null;null;1;"{""nama_kk"":""KASTA EVELIA SIMANJUNTAK"",""jumlah_keluarga"":""2""}"
468;78452476;9750f187-a357-410c-9064-e783813adb86;12;7641277;wl1671097012005.jpeg;12;null;2.33206029;99.08771377;929.99951171875;3.7900924682617188;0.0;0.0;gps;279;17020;Keluarga Miskin;1206030025;1,67E+12;TRUE;null;null;1;"{""nama_kk"":""HELDINA SIAGIAN"",""jumlah_keluarga"":""1""}"
469;78266488;251e8ac9-db0c-412d-8376-6f43c0aa13ad;12;7641277;wl1671097012944.jpeg;17;null;2.33210104;99.08817573;906.435546875;4.122560977935791;0.0;0.0;gps;279;17020;Keluarga Miskin;1206030025;1,67E+12;TRUE;null;null;1;"{""nama_kk"":""RAMOT MAROJAHAN SIMANJUNTAK"",""jumlah_keluarga"":""1""}"
470;78103225;7efc0a4f-61d7-49c4-aa33-67ae870187ed;12;7641277;wl1671097027874.jpeg;15;null;2.3320873;99.0881943;919.3201904296875;11.657069206237793;0.0;0.0;gps;279;17020;Keluarga Miskin;1206030025;1,67E+12;TRUE;null;null;1;"{""nama_kk"":""BERLIANA HUTAGAOL"",""jumlah_keluarga"":""1""}"
471;77981947;5bd5418a-4d78-4177-96df-76246ea34a64;12;7641277;wl1671097014372.jpeg;16;null;2.33210557;99.0883788;923.71435546875;9.679770469665527;0.0;0.0;gps;279;17020;Keluarga Miskin;1206030025;1,67E+12;TRUE;null;null;1;"{""nama_kk"":""SAKTI SIMANJUNTAK"",""jumlah_keluarga"":""1""}"
472;77795803;a675736a-4c77-454f-a2eb-ed7de9ff5e89;12;7641277;wl1671097015218.jpeg;14;null;2.33200693;99.08815411;916.527587890625;4.85047721862793;0.0;0.0;gps;279;17020;Keluarga Miskin;1206030025;1,67E+12;TRUE;null;null;1;"{""nama_kk"":""JOEL PANGGABEAN"",""jumlah_keluarga"":""1""}"
473;77621506;5f5bea25-26ee-484a-aaaa-258c7a7cb2b6;12;7641277;wl1671097016136.jpeg;13;null;2.33203548;99.08792494;913.7034912109375;4.98907470703125;0.0;0.0;gps;279;17020;Keluarga Miskin;1206030025;1,67E+12;TRUE;null;null;1;"{""nama_kk"":""RONALD R SIMANJUNTAK"",""jumlah_keluarga"":""1""}"
474;77433538;2c68a9c5-9801-4688-ba2e-c0048bc1eb4c;12;7641277;wl1671097016988.jpeg;11;null;2.33202674;99.0876609;906.576171875;4.893927574157715;0.0;0.0;gps;279;17020;Keluarga Miskin;1206030025;1,67E+12;TRUE;null;null;1;"{""nama_kk"":""RENO VEBRI GULTOM"",""jumlah_keluarga"":""1""}"
475;77276971;5d4cab84-5137-4012-b007-6a29214f1b51;12;7641277;wl1671097018324.jpeg;6;null;2.33095614;99.08673165;922.5870361328125;6.450230598449707;0.0;0.0;gps;279;17020;Keluarga Miskin;1206030025;1,67E+12;TRUE;null;null;1;"{""nama_kk"":""JULI J PANJAITAN"",""jumlah_keluarga"":""1""}"
476;76885291;b6134e34-05b5-4d8e-888d-3041e1c3ae8a;12;7641277;;10;null;2.33071095;99.08821601;919.522216796875;3.7900924682617188;0.0;0.0;gps;282;17030;Keluarga Tidak Miskin;1206030025;1,67E+12;TRUE;null;null;1;"{""nama_kk"":""EDWARD LUMBANTOBING"",""jumlah_keluarga"":""1""}"
477;76683058;93fbfb60-dd89-42bb-b0d6-84952db09080;12;7641277;wl1671097019609.jpeg;9;null;2.3310364;99.0880775;920.610107421875;3.7900924682617188;0.0;0.0;gps;279;17020;Keluarga Miskin;1206030025;1,67E+12;TRUE;null;null;1;"{""nama_kk"":""PARSAORAN SIMANJUNTAK"",""jumlah_keluarga"":""1""}"
479;76242898;3c371333-6c72-4579-a155-734e87004642;12;7641277;wl1671097022365.jpeg;7;null;2.33098245;99.08732365;940.5028076171875;3.9131712913513184;0.0;0.0;gps;279;17020;Keluarga Miskin;1206030025;1,67E+12;TRUE;null;null;1;"{""nama_kk"":""SAUDARA SIANIPAR"",""jumlah_keluarga"":""2""}"
480;76033216;c8c0979f-0917-45f4-8b02-bb0912ca7951;12;7641277;wl1671097023283.jpeg;5;null;2.33107915;99.08651918;935.8140869140625;5.320599555969238;0.0;0.0;gps;279;17020;Keluarga Miskin;1206030025;1,67E+12;TRUE;null;null;1;"{""nama_kk"":""LEMERIA SIMANJUNTAK"",""jumlah_keluarga"":""1""}"
481;68909938;504251f1-a916-4f1e-bcd4-3320640ec843;12;7641277;;4;null;2.33056251;99.08637027;931.7060546875;12.48904037475586;0.0;0.0;gps;282;17030;Keluarga Tidak Miskin;1206030025;1,67E+12;TRUE;null;null;1;"{""nama_kk"":""RONNY SIAHAAN"",""jumlah_keluarga"":""2""}"
482;68671276;fd59f5c7-1696-45bc-b359-f0b8645ccff6;12;7641277;wl1671097024144.jpeg;3;null;2.33080361;99.08650124;932.8975830078125;14.24512767791748;0.0;0.0;gps;279;17020;Keluarga Miskin;1206030025;1,67E+12;TRUE;null;null;1;"{""nama_kk"":""CHARLOS SIMANJUNTAK"",""jumlah_keluarga"":""1""}"
